{
	"WorldSpawnX": 0.5512461066246033,
	"WorldSpawnY": 12.809999465942383,
	"WorldSpawnZ": 36.94289016723633
}